{
    "volume": 0.0,
    "color": {
        "r": 0.698113203048706,
        "g": 0.06883734464645386,
        "b": 0.0,
        "a": 1.0
    },
    "name": "Goblin Blood",
    "id": 2
}