{
    "volume": 0.0,
    "color": {
        "r": 0.032039858400821689,
        "g": 0.3594815731048584,
        "b": 0.7547169923782349,
        "a": 0.843137264251709
    },
    "name": "Blue Flower Extract",
    "id": 2
}